{
	"sphere_3D":[[0.0, 0.0, 1.0],[-0.5, 0.0, 0.8660250000000008],[-0.8660250000000008, 0.0, 0.5],[-1.0, 0.0, 0.0],[-0.8660250000000008, 0.0, -0.5],[-0.5, 0.0, -0.8660250000000008],[0.0, 0.0,-1.0],[0.5, 0.0,-0.8660250000000008],[0.8660250000000008, 0.0, -0.5], [1.0, 0.0, 0.0], [0.8660250000000008, 0.0, 0.5], [0.5, 0.0, 0.8660250000000008],[0.0, 0.0, 1.0],[0.0,0.7071070000000004, 0.7071070000000004], [0.0, 1.0, 0.0], [0.0, 0.7071070000000004, -0.7071070000000004], [0.0, 0.0, -1.0], [0.0, -0.7071070000000004, -0.7071070000000004], [0.0, -1.0, 0.0], [-0.5000000000000002, -0.8660250000000008, 0.0], [-0.8660250000000008, -0.4999999999999997, 0.0], [-1.0, 0.0, 0.0], [-0.8660250000000008, 0.5000000000000002, 0.0], 
[-0.4999999999999997, 0.8660250000000008, 0.0], [0.0, 1.0, 0.0], [0.5, 0.8660250000000008, 0.0],[0.8660250000000008, 0.4999999999999997, 0.0], [1.0, 0.0, 0.0],[0.8660250000000008, -0.5000000000000002, 0.0], [0.4999999999999997, -0.8660250000000008, 0.0],[0.0, -1.0, 0.0], [0.0, -0.7071070000000004, 0.7071070000000004], [0.0, 0.0, 1.0]],

	"box":[[-1.0, -0.9999999999999997, 0.9999999999999997], [-0.9999999999999997, 1.0, 0.9999999999999997], [-0.9999999999999997, 1.0, -0.9999999999999997], [-1.0, -0.9999999999999997, -0.9999999999999997], [-1.0, -0.9999999999999997, 0.9999999999999997], [0.9999999999999997, -1.0, 0.9999999999999997], [0.9999999999999997, -1.0, -0.9999999999999997], [1.0, 0.9999999999999997, -0.9999999999999997], [1.0, 0.9999999999999997, 0.9999999999999997], [0.9999999999999997, -1.0, 0.9999999999999997], [1.0, 0.9999999999999997, 0.9999999999999997], [-0.9999999999999997, 1.0, 0.9999999999999997], [-0.9999999999999997, 1.0, -0.9999999999999997], [1.0, 0.9999999999999997, -0.9999999999999997], [0.9999999999999997, -1.0, -0.9999999999999997], [-1.0, -0.9999999999999997, -0.9999999999999997]],

	"arrow_line_cross":[[0.2857142857142857, 0.7142857142857156, -1.3877787807814457e-17], [0.0, 1.0, 0.0], [-0.2857142857142857, 0.7142857142857156, 1.3877787807814457e-17], [0.0, 1.0, 0.0], [0.0, -1.0, 0.0], [0.2857142857142857, -0.7142857142857156, -1.3877787807814457e-17], [0.0, -1.0, 0.0], [-0.2857142857142857, -0.7142857142857156, 1.3877787807814457e-17], [0.0, -1.0, 0.0], [0.0, 0.0, 0.0], [-1.0, 0.0, 1.6653345369377348e-16], [-0.7142857142857155, -0.28571428571428564, 8.326672684688674e-17], [-1.0, 0.0, 1.6653345369377348e-16], [-0.7142857142857155, 0.28571428571428564, 8.326672684688674e-17], [-1.0, 0.0, 1.6653345369377348e-16], [1.0, 0.0, -1.6653345369377348e-16], [0.7142857142857155, 0.28571428571428564, -8.326672684688674e-17], [1.0, 0.0, -1.6653345369377348e-16], [0.7142857142857155, -0.28571428571428564, -8.326672684688674e-17], [1.0, 0.0, -1.6653345369377348e-16]],

	"circle":[[-0.707106781186547, 0.7071067811865483, 0.0], [-1.0, 0.0, -1.6653345369377348e-16], [-0.7071067811865478, -0.7071067811865478, 2.7755575615628914e-17], [0.0, -1.0, 0.0], [0.707106781186547, -0.7071067811865478, 0.0], [1.0, 0.0, 1.6653345369377348e-16], [0.7071067811865478, 0.707106781186547, -2.7755575615628914e-17], [0.0, 1.0, 0.0],[-0.707106781186547, 0.7071067811865483, 0.0]]

}